"","Name","Height","Weight","Average_Height","Average_Weight","Year"
"1","Joe Smith",82,"225",79.2068965517241,223.378378378378,1995
"2","Antonio McDyess",81,"220",79.2068965517241,223.378378378378,1995
"3","Jerry Stackhouse",78,"218",79.2068965517241,223.378378378378,1995
"4","Rasheed Wallace",82,"225",79.2068965517241,223.378378378378,1995
"5","Kevin Garnett",83,"220",79.2068965517241,223.378378378378,1995
"6","Bryant Reeves",84,"275",79.2068965517241,223.378378378378,1995
"7","Damon Stoudamire",70,"171",79.2068965517241,223.378378378378,1995
"8","Shawn Respert",73,"195",79.2068965517241,223.378378378378,1995
"9","Ed OBannon",80,"222",79.2068965517241,223.378378378378,1995
"10","Kurt Thomas",81,"230",79.2068965517241,223.378378378378,1995
"11","Gary Trent",80,"250",79.2068965517241,223.378378378378,1995
"12","Cherokee Parks",83,"235",79.2068965517241,223.378378378378,1995
"13","Corliss Williamson",79,"245",79.2068965517241,223.378378378378,1995
"14","Eric Williams",80,"220",79.2068965517241,223.378378378378,1995
"15","Brent Barry",78,"185",79.2068965517241,223.378378378378,1995
"16","Alan Henderson",81,"235",79.2068965517241,223.378378378378,1995
"17","Bob Sura",77,"200",79.2068965517241,223.378378378378,1995
"18","Theo Ratliff",82,"225",79.2068965517241,223.378378378378,1995
"19","Randolph Childress",74,"188",79.2068965517241,223.378378378378,1995
"20","Jason Caffey",80,"255",79.2068965517241,223.378378378378,1995
"21","Michael Finley",79,"215",79.2068965517241,223.378378378378,1995
"22","George Zidek",84,"250",79.2068965517241,223.378378378378,1995
"23","Travis Best",71,"182",79.2068965517241,223.378378378378,1995
"24","Loren Meyer",82,"257",79.2068965517241,223.378378378378,1995
"25","David Vaughn",81,"240",79.2068965517241,223.378378378378,1995
"26","Sherell Ford",79,"210",79.2068965517241,223.378378378378,1995
"27","Mario Bennett",78,"235",79.2068965517241,223.378378378378,1995
"28","Greg Ostertag",86,"280",79.2068965517241,223.378378378378,1995
"29","Cory Alexander",73,"185",79.2068965517241,223.378378378378,1995
"30","Lou Roe",79,"220",79.2068965517241,223.378378378378,1995
"31","Dragan Tarlac",82,"260",79.2068965517241,223.378378378378,1995
"32","Terrence Rencher",75,"185",79.2068965517241,223.378378378378,1995
"33","Junior Burrough",80,"242",79.2068965517241,223.378378378378,1995
"34","Andrew DeClerq",82,"230",79.2068965517241,223.378378378378,1995
"35","Jimmy King",77,"210",79.2068965517241,223.378378378378,1995
"36","Lawrence Moten",77,"185",79.2068965517241,223.378378378378,1995
"37","Frankie King",73,"185",79.2068965517241,223.378378378378,1995
"38","Rashard Griffith",83,"277",79.2068965517241,223.378378378378,1995
"39","Donny Marshall",79,"230",79.2068965517241,223.378378378378,1995
"40","Dwayne Whitfield",81,"240",79.2068965517241,223.378378378378,1995
"41","Erik Meek",82,"244",79.2068965517241,223.378378378378,1995
"42","Donnie Boyce",77,"196",79.2068965517241,223.378378378378,1995
"43","Eric Snow",75,"190",79.2068965517241,223.378378378378,1995
"44","Anthony Pelle",84,"264",79.2068965517241,223.378378378378,1995
"45","Troy Brown",80,"240",79.2068965517241,223.378378378378,1995
"46","George Banks",79,"211",79.2068965517241,223.378378378378,1995
"47","Tyus Edney",70,"152",79.2068965517241,223.378378378378,1995
"48","Mark Davis",79,"210",79.2068965517241,223.378378378378,1995
"49","Jerome Allen",76,"184",79.2068965517241,223.378378378378,1995
"50","Martin Lewis",77,"210",79.2068965517241,223.378378378378,1995
"51","Dejan Bodiroga",81,"213",79.2068965517241,223.378378378378,1995
"52","Fred Hoiberg",76,"203",79.2068965517241,223.378378378378,1995
"53","Constantin Popa",87,"236",79.2068965517241,223.378378378378,1995
"54","Aurelijius Zukauskas",86,"256",79.2068965517241,223.378378378378,1995
"55","Michael McDonald",82,"232",79.2068965517241,223.378378378378,1995
"56","Chris Carr",77,"207",79.2068965517241,223.378378378378,1995
"57","Cuonzo Martin",77,"213",79.2068965517241,223.378378378378,1995
"58","Don Reid",80,"250",79.2068965517241,223.378378378378,1995
"59","Allen Iverson",72,"165",79.5,222,1996
"60","Marcus Camby",83,"220",79.5,222,1996
"61","Shareef AbdurRahim",81,"225",79.5,222,1996
"62","Stephon Marbury",74,"180",79.5,222,1996
"63","Ray Allen",77,"205",79.5,222,1996
"64","Antoine Walker",80,"224",79.5,222,1996
"65","Lorenzen Wright",83,"225",79.5,222,1996
"66","Kerry Kittles",77,"179",79.5,222,1996
"67","Samaki Walker",81,"240",79.5,222,1996
"68","Erick Dampier",83,"265",79.5,222,1996
"69","Todd Fuller",76,"180",79.5,222,1996
"70","Vitaly Potapenko",82,"280",79.5,222,1996
"71","Kobe Bryant",78,"200",79.5,222,1996
"72","Predrag Stojakovic",81,"220",79.5,222,1996
"73","Steve Nash",75,"195",79.5,222,1996
"74","Tony Delk",73,"189",79.5,222,1996
"75","Jermaine ONeal",83,"226",79.5,222,1996
"76","John Wallace",80,"225",79.5,222,1996
"77","Walter McCarty",82,"230",79.5,222,1996
"78","Zydrunas Ilgauskas",87,"238",79.5,222,1996
"79","Dontae' Jones",80,"220",79.5,222,1996
"80","Roy Rogers",82,"235",79.5,222,1996
"81","Efthimis Rentzias",83,"253",79.5,222,1996
"82","Derek Fisher",73,"200",79.5,222,1996
"83","Martin Muursepp",81,"235",79.5,222,1996
"84","Jerome Williams",81,"206",79.5,222,1996
"85","Brian Evans",80,"220",79.5,222,1996
"86","Priest Lauderdale",88,"325",79.5,222,1996
"87","Travis Knight",84,"235",79.5,222,1996
"88","Othella Harrington",81,"235",79.5,222,1996
"89","Mark Hendrickson",81,"220",79.5,222,1996
"90","Ryan Minor",79,"221",79.5,222,1996
"91","Moochie Norris",73,"175",79.5,222,1996
"92","Shawn Harvey",76,"184",79.5,222,1996
"93","Joseph Blair",82,"250",79.5,222,1996
"94","Doron Sheffer",77,"199",79.5,222,1996
"95","Jeff McInnis",76,"190",79.5,222,1996
"96","Steve Hamer",84,"245",79.5,222,1996
"97","Russ Millard",80,"242",79.5,222,1996
"98","Marcus Mann",80,"246",79.5,222,1996
"99","Jason Sasser",79,"225",79.5,222,1996
"100","Randy Livingston",76,"209",79.5,222,1996
"101","Ben Davis",81,"240",79.5,222,1996
"102","Malik Rose",79,"250",79.5,222,1996
"103","Joe Vogel",83,"254",79.5,222,1996
"104","Marcus Brown",75,"185",79.5,222,1996
"105","Ron Riley",77,"206",79.5,222,1996
"106","Jamie Feick",81,"255",79.5,222,1996
"107","Amal McCaskill",83,"235",79.5,222,1996
"108","Terrell Bell",82,"243",79.5,222,1996
"109","Chris Robinson",77,"200",79.5,222,1996
"110","Mark Pope",82,"235",79.5,222,1996
"111","Jeff Nordgaard",79,"225",79.5,222,1996
"112","Shandon Anderson",78,"208",79.5,222,1996
"113","Ronnie Henderson",76,"206",79.5,222,1996
"114","Reggie Geary",74,"187",79.5,222,1996
"115","Drew Barry",77,"191",79.5,222,1996
"116","Darnell Robinson",83,"272",79.5,222,1996
"117","Tim Duncan",84,"248",79.2982456140351,222.558823529412,1997
"118","Keith Van Horn",82,"220",79.2982456140351,222.558823529412,1997
"119","Chauncey Billups",75,"202",79.2982456140351,222.558823529412,1997
"120","Antonio Daniels",76,"195",79.2982456140351,222.558823529412,1997
"121","Tony Battie",83,"230",79.2982456140351,222.558823529412,1997
"122","Ron Mercer",79,"210",79.2982456140351,222.558823529412,1997
"123","Tim Thomas",82,"230",79.2982456140351,222.558823529412,1997
"124","Adonal Foyle",82,"250",79.2982456140351,222.558823529412,1997
"125","Tracy McGrady",80,"210",79.2982456140351,222.558823529412,1997
"126","Danny Fortson",79,"260",79.2982456140351,222.558823529412,1997
"127","Olivier SaintJean",78,"224",79.2982456140351,222.558823529412,1997
"128","Austin Croshere",81,"235",79.2982456140351,222.558823529412,1997
"129","Derek Anderson",77,"194",79.2982456140351,222.558823529412,1997
"130","Maurice Taylor",81,"260",79.2982456140351,222.558823529412,1997
"131","Kelvin Cato",83,"255",79.2982456140351,222.558823529412,1997
"132","Brevin Knight",70,"173",79.2982456140351,222.558823529412,1997
"133","Johnny Taylor",81,"220",79.2982456140351,222.558823529412,1997
"134","Chris Anstey",84,"249",79.2982456140351,222.558823529412,1997
"135","Scot Pollard",83,"265",79.2982456140351,222.558823529412,1997
"136","Paul Grant",84,"245",79.2982456140351,222.558823529412,1997
"137","Anthony Parker",78,"215",79.2982456140351,222.558823529412,1997
"138","Ed Gray",75,"210",79.2982456140351,222.558823529412,1997
"139","Bobby Jackson",73,"185",79.2982456140351,222.558823529412,1997
"140","Rodrick Rhodes",78,"225",79.2982456140351,222.558823529412,1997
"141","John Thomas",81,"265",79.2982456140351,222.558823529412,1997
"142","Charles Smith",76,"194",79.2982456140351,222.558823529412,1997
"143","Jacque Vaughn",73,"190",79.2982456140351,222.558823529412,1997
"144","Keith Booth",78,"226",79.2982456140351,222.558823529412,1997
"145","Serge Zwikker",87,"274",79.2982456140351,222.558823529412,1997
"146","Mark Sanford",81,"210",79.2982456140351,222.558823529412,1997
"147","Charles OBannon",77,"209",79.2982456140351,222.558823529412,1997
"148","James Cotton",77,"220",79.2982456140351,222.558823529412,1997
"149","Marko Milic",78,"235",79.2982456140351,222.558823529412,1997
"150","Bubba Wells",77,"230",79.2982456140351,222.558823529412,1997
"151","Kebu Stewart",80,"239",79.2982456140351,222.558823529412,1997
"152","James Collins",76,"196",79.2982456140351,222.558823529412,1997
"153","Marc Jackson",82,"270",79.2982456140351,222.558823529412,1997
"154","Jerald Honeycutt",81,"245",79.2982456140351,222.558823529412,1997
"155","Anthony Johnson",75,"190",79.2982456140351,222.558823529412,1997
"156","Eddie Elisma",81,"210",79.2982456140351,222.558823529412,1997
"157","Jason Lawson",83,"240",79.2982456140351,222.558823529412,1997
"158","Stephen Jackson",80,"218",79.2982456140351,222.558823529412,1997
"159","Gordon Malone",83,"215",79.2982456140351,222.558823529412,1997
"160","Cedric Henderson",79,"215",79.2982456140351,222.558823529412,1997
"161","God Shammgod",72,"169",79.2982456140351,222.558823529412,1997
"162","Eric Washington",76,"190",79.2982456140351,222.558823529412,1997
"163","Alvin Williams",77,"185",79.2982456140351,222.558823529412,1997
"164","Predrag Drobnjak",83,"270",79.2982456140351,222.558823529412,1997
"165","Alain Digbeu",78,"211",79.2982456140351,222.558823529412,1997
"166","Chris Crawford",81,"235",79.2982456140351,222.558823529412,1997
"167","DeJuan Wheat",72,"165",79.2982456140351,222.558823529412,1997
"168","C.J Bruton",74,"171",79.2982456140351,222.558823529412,1997
"169","Paul Rogers",84,"240",79.2982456140351,222.558823529412,1997
"170","Mark Blount",84,"230",79.2982456140351,222.558823529412,1997
"171","Ben Pepper",83,"250",79.2982456140351,222.558823529412,1997
"172","Nate Erdmann",77,"198",79.2982456140351,222.558823529412,1997
"173","Roberto Duenas",86,"311",79.2982456140351,222.558823529412,1997
"174","Michael Olowokandi",84,"269",79.1034482758621,225.435897435897,1998
"175","Mike Bibby",73,"190",79.1034482758621,225.435897435897,1998
"176","Raef LaFrentz",83,"240",79.1034482758621,225.435897435897,1998
"177","Antawn Jamison",80,"223",79.1034482758621,225.435897435897,1998
"178","Vince Carter",79,"215",79.1034482758621,225.435897435897,1998
"179","Robert Traylor",80,"284",79.1034482758621,225.435897435897,1998
"180","Jason Williams",73,"190",79.1034482758621,225.435897435897,1998
"181","Larry Hughes",77,"184",79.1034482758621,225.435897435897,1998
"182","Dirk Nowitzki",83,"237",79.1034482758621,225.435897435897,1998
"183","Paul Pierce",78,"230",79.1034482758621,225.435897435897,1998
"184","Bonzi Wells",77,"210",79.1034482758621,225.435897435897,1998
"185","Michael Doleac",83,"262",79.1034482758621,225.435897435897,1998
"186","Keon Clark",83,"220",79.1034482758621,225.435897435897,1998
"187","Michael Dickerson",77,"190",79.1034482758621,225.435897435897,1998
"188","Matt Harpring",79,"231",79.1034482758621,225.435897435897,1998
"189","Bryce Drew",74,"185",79.1034482758621,225.435897435897,1998
"190","Radoslav Nesterovic",84,"248",79.1034482758621,225.435897435897,1998
"191","Mirsad Turkcan",80,"244",79.1034482758621,225.435897435897,1998
"192","Pat Garrity",81,"238",79.1034482758621,225.435897435897,1998
"193","Roshown McLeod",80,"221",79.1034482758621,225.435897435897,1998
"194","Ricky Davis",78,"195",79.1034482758621,225.435897435897,1998
"195","Brian Skinner",81,"255",79.1034482758621,225.435897435897,1998
"196","Tyronn Lue",72,"175",79.1034482758621,225.435897435897,1998
"197","Felipe Lopez",77,"199",79.1034482758621,225.435897435897,1998
"198","Al Harrington",81,"230",79.1034482758621,225.435897435897,1998
"199","Sam Jacobson",76,"215",79.1034482758621,225.435897435897,1998
"200","Vladimir Stepania",84,"236",79.1034482758621,225.435897435897,1998
"201","Corey Benjamin",78,"200",79.1034482758621,225.435897435897,1998
"202","Nazr Mohammed",82,"221",79.1034482758621,225.435897435897,1998
"203","Ansu Sesay",80,"223",79.1034482758621,225.435897435897,1998
"204","Ruben Patterson",77,"224",79.1034482758621,225.435897435897,1998
"205","Rashard Lewis",82,"215",79.1034482758621,225.435897435897,1998
"206","Jelani McCoy",82,"245",79.1034482758621,225.435897435897,1998
"207","Shammond Williams",73,"201",79.1034482758621,225.435897435897,1998
"208","Bruno Sundov",86,"220",79.1034482758621,225.435897435897,1998
"209","Jerome James",84,"300",79.1034482758621,225.435897435897,1998
"210","Casey Shaw",83,"260",79.1034482758621,225.435897435897,1998
"211","DeMarco Johnson",81,"245",79.1034482758621,225.435897435897,1998
"212","Rafer Alston",74,"171",79.1034482758621,225.435897435897,1998
"213","Korleone Young",79,"213",79.1034482758621,225.435897435897,1998
"214","Cuttino Mobley",76,"190",79.1034482758621,225.435897435897,1998
"215","Miles Simon",75,"202",79.1034482758621,225.435897435897,1998
"216","Jahidi White",81,"290",79.1034482758621,225.435897435897,1998
"217","Sean Marks",82,"250",79.1034482758621,225.435897435897,1998
"218","Toby Bailey",78,"213",79.1034482758621,225.435897435897,1998
"219","Andrae Patterson",81,"238",79.1034482758621,225.435897435897,1998
"220","Tyson Wheeler",70,"165",79.1034482758621,225.435897435897,1998
"221","Ryan Stack",83,"215",79.1034482758621,225.435897435897,1998
"222","Cory Carr",75,"210",79.1034482758621,225.435897435897,1998
"223","Andrew Betts",85,"257",79.1034482758621,225.435897435897,1998
"224","Corey Brewer",74,"189",79.1034482758621,225.435897435897,1998
"225","Derrick Dial",76,"184",79.1034482758621,225.435897435897,1998
"226","Greg Buckner",76,"210",79.1034482758621,225.435897435897,1998
"227","Tremaine Fowlkes",79,"208",79.1034482758621,225.435897435897,1998
"228","Ryan Bowen",79,"215",79.1034482758621,225.435897435897,1998
"229","J.R. Henderson",80,"226",79.1034482758621,225.435897435897,1998
"230","Torraye Braggs",79,"238",79.1034482758621,225.435897435897,1998
"231","Maceo Baston",81,"215",79.1034482758621,225.435897435897,1998
"232","Elton Brand",80,"275",79.1896551724138,224.65,1999
"233","Steve Francis",75,"195",79.1896551724138,224.65,1999
"234","Baron Davis",75,"209",79.1896551724138,224.65,1999
"235","Lamar Odom",82,"220",79.1896551724138,224.65,1999
"236","Jonathan Bender",83,"202",79.1896551724138,224.65,1999
"237","Wally Szczerbiak",79,"244",79.1896551724138,224.65,1999
"238","Richard Hamilton",78,"185",79.1896551724138,224.65,1999
"239","Andre Miller",74,"200",79.1896551724138,224.65,1999
"240","Shawn Marion",79,"220",79.1896551724138,224.65,1999
"241","Jason Terry",74,"176",79.1896551724138,224.65,1999
"242","Trajan Langdon",75,"197",79.1896551724138,224.65,1999
"243","Alek Radojevic",87,"242",79.1896551724138,224.65,1999
"244","Corey Maggette",78,"218",79.1896551724138,224.65,1999
"245","William Avery",74,"197",79.1896551724138,224.65,1999
"246","Frederic Weis",86,"248",79.1896551724138,224.65,1999
"247","Ron Artest",78,"244",79.1896551724138,224.65,1999
"248","Cal Bowdler",82,"245",79.1896551724138,224.65,1999
"249","James Posey",80,"215",79.1896551724138,224.65,1999
"250","Quincy Lewis",79,"215",79.1896551724138,224.65,1999
"251","Dion Glover",77,"228",79.1896551724138,224.65,1999
"252","Jeff Foster",83,"236",79.1896551724138,224.65,1999
"253","Kenny Thomas",79,"261",79.1896551724138,224.65,1999
"254","Devean George",80,"220",79.1896551724138,224.65,1999
"255","Andrei Kirilenko",81,"210",79.1896551724138,224.65,1999
"256","Tim James",79,"212",79.1896551724138,224.65,1999
"257","Vonteego Cummings",75,"185",79.1896551724138,224.65,1999
"258","Jumaine Jones",80,"218",79.1896551724138,224.65,1999
"259","Scott Padgett",81,"240",79.1896551724138,224.65,1999
"260","Leon Smith",82,"235",79.1896551724138,224.65,1999
"261","John Celestand",76,"178",79.1896551724138,224.65,1999
"262","Rico Hill",77,"247",79.1896551724138,224.65,1999
"263","Michael Ruffin",81,"246",79.1896551724138,224.65,1999
"264","Chris Herren",74,"197",79.1896551724138,224.65,1999
"265","Evan Eschmeyer",83,"255",79.1896551724138,224.65,1999
"266","Calvin Booth",83,"230",79.1896551724138,224.65,1999
"267","Wang ZhiZhi",84,"255",79.1896551724138,224.65,1999
"268","Obinna Ekezie",81,"270",79.1896551724138,224.65,1999
"269","Laron Profit",77,"204",79.1896551724138,224.65,1999
"270","A.J. Bramlett",82,"227",79.1896551724138,224.65,1999
"271","Gordan Giricek",77,"210",79.1896551724138,224.65,1999
"272","Francisco Elson",83,"231",79.1896551724138,224.65,1999
"273","Louis Bullock",73,"182",79.1896551724138,224.65,1999
"274","Lee Nailon",80,"241",79.1896551724138,224.65,1999
"275","Tyrone Washington",80,"261",79.1896551724138,224.65,1999
"276","Ryan Robertson",77,"190",79.1896551724138,224.65,1999
"277","J.R. Koch",82,"225",79.1896551724138,224.65,1999
"278","Todd MacCulloch",84,"280",79.1896551724138,224.65,1999
"279","Galen Young",77,"210",79.1896551724138,224.65,1999
"280","Lari Ketner",81,"277",79.1896551724138,224.65,1999
"281","Venson Hamilton",82,"241",79.1896551724138,224.65,1999
"282","Antwain Smith",78,"213",79.1896551724138,224.65,1999
"283","Roberto Bergersen",77,"208",79.1896551724138,224.65,1999
"284","Rodney Buford",77,"189",79.1896551724138,224.65,1999
"285","Melvin Levett",75,"202",79.1896551724138,224.65,1999
"286","Kris Clack",76,"235",79.1896551724138,224.65,1999
"287","Tim Young",84,"220",79.1896551724138,224.65,1999
"288","Emmanuel Ginobili",78,"210",79.1896551724138,224.65,1999
"289","Eddie Lucas",79,"204",79.1896551724138,224.65,1999
"290","Kenyon Martin",81,"230",79.3965517241379,219.2,2000
"291","Stromile Swift",82,"220",79.3965517241379,219.2,2000
"292","Darius Miles",81,"210",79.3965517241379,219.2,2000
"293","Marcus Fizer",80,"260",79.3965517241379,219.2,2000
"294","Mike Miller",81,"218",79.3965517241379,219.2,2000
"295","DerMarr Johnson",81,"201",79.3965517241379,219.2,2000
"296","Chris Mihm",84,"265",79.3965517241379,219.2,2000
"297","Jamal Crawford",77,"175",79.3965517241379,219.2,2000
"298","Joel Przybilla",85,"255",79.3965517241379,219.2,2000
"299","Keyon Dooling",75,"196",79.3965517241379,219.2,2000
"300","Jerome Moiso",82,"232",79.3965517241379,219.2,2000
"301","Etan Thomas",81,"256",79.3965517241379,219.2,2000
"302","Courtney Alexander",77,"205",79.3965517241379,219.2,2000
"303","Mateen Cleaves",75,"210",79.3965517241379,219.2,2000
"304","Jason Collier",84,"260",79.3965517241379,219.2,2000
"305","Hidayet Turkoglu",80,"220",79.3965517241379,219.2,2000
"306","Desmond Mason",77,"222",79.3965517241379,219.2,2000
"307","Quentin Richardson",78,"236",79.3965517241379,219.2,2000
"308","Jamaal Magloire",83,"259",79.3965517241379,219.2,2000
"309","Speedy Claxton",71,"166",79.3965517241379,219.2,2000
"310","Morris Peterson",79,"215",79.3965517241379,219.2,2000
"311","Donnell Harvey",80,"216",79.3965517241379,219.2,2000
"312","DeShawn Stevenson",77,"210",79.3965517241379,219.2,2000
"313","Dalibor Bagaric",85,"255",79.3965517241379,219.2,2000
"314","Iakovos Tsakalidis",86,"285",79.3965517241379,219.2,2000
"315","Mamadou NDiaye",84,"255",79.3965517241379,219.2,2000
"316","Primoz Brezec",85,"243",79.3965517241379,219.2,2000
"317","Erick Barkley",73,"177",79.3965517241379,219.2,2000
"318","Mark Madsen",81,"236",79.3965517241379,219.2,2000
"319","Marko Jaric",80,"210",79.3965517241379,219.2,2000
"320","Dan Langhi",83,"220",79.3965517241379,219.2,2000
"321","A.J. Guyton",74,"185",79.3965517241379,219.2,2000
"322","Jake Voskuhl",83,"245",79.3965517241379,219.2,2000
"323","Khalid El-Amin",69,"200",79.3965517241379,219.2,2000
"324","Mike Smith",80,"195",79.3965517241379,219.2,2000
"325","Soumalia Samake",84,"230",79.3965517241379,219.2,2000
"326","Eddie House",72,"176",79.3965517241379,219.2,2000
"327","Eduardo Najera",80,"240",79.3965517241379,219.2,2000
"328","Lavor Postell",77,"205",79.3965517241379,219.2,2000
"329","Hanno Mottola",83,"247",79.3965517241379,219.2,2000
"330","Chris Carrawell",78,"215",79.3965517241379,219.2,2000
"331","Olumide Oyedeji",82,"240",79.3965517241379,219.2,2000
"332","Michael Redd",78,"214",79.3965517241379,219.2,2000
"333","Brian Cardinal",80,"245",79.3965517241379,219.2,2000
"334","Jabari Smith",83,"240",79.3965517241379,219.2,2000
"335","DeeAndre Hulett",80,"205",79.3965517241379,219.2,2000
"336","Josip Sesar",78,"211",79.3965517241379,219.2,2000
"337","Mark Karcher",77,"214",79.3965517241379,219.2,2000
"338","Jason Hart",75,"185",79.3965517241379,219.2,2000
"339","Kaniel Dickens",80,"234",79.3965517241379,219.2,2000
"340","Igor Rakocevic",75,"183",79.3965517241379,219.2,2000
"341","Ernest Brown",84,"255",79.3965517241379,219.2,2000
"342","Dan McClintock",84,"260",79.3965517241379,219.2,2000
"343","Cory Hightower",80,"201",79.3965517241379,219.2,2000
"344","Chris Porter",79,"218",79.3965517241379,219.2,2000
"345","Jaquay Walls",75,"171",79.3965517241379,219.2,2000
"346","Scoonie Penn",70,"185",79.3965517241379,219.2,2000
"347","Pete Mickeal",77,"229",79.3965517241379,219.2,2000
"348","Kwame Brown",83,"243",79.7543859649123,228.302325581395,2001
"349","Tyson Chandler",85,"235",79.7543859649123,228.302325581395,2001
"350","Pau Gasol",84,"227",79.7543859649123,228.302325581395,2001
"351","Eddy Curry",83,"285",79.7543859649123,228.302325581395,2001
"352","Jason Richardson",78,"220",79.7543859649123,228.302325581395,2001
"353","Shane Battier",80,"220",79.7543859649123,228.302325581395,2001
"354","Eddie Griffin",82,"222",79.7543859649123,228.302325581395,2001
"355","Sagana Diop",84,"300",79.7543859649123,228.302325581395,2001
"356","Rodney White",81,"238",79.7543859649123,228.302325581395,2001
"357","Joe Johnson",79,"225",79.7543859649123,228.302325581395,2001
"358","Kedrick Brown",79,"222",79.7543859649123,228.302325581395,2001
"359","Vladimir Radmanovic",81,"206",79.7543859649123,228.302325581395,2001
"360","Richard Jefferson",79,"222",79.7543859649123,228.302325581395,2001
"361","Troy Murphy",83,"245",79.7543859649123,228.302325581395,2001
"362","Steven Hunter",84,"220",79.7543859649123,228.302325581395,2001
"363","Kirk Haston",81,"242",79.7543859649123,228.302325581395,2001
"364","Michael Bradley",82,"225",79.7543859649123,228.302325581395,2001
"365","Jason Collins",84,"260",79.7543859649123,228.302325581395,2001
"366","Zachary Randolph",81,"270",79.7543859649123,228.302325581395,2001
"367","Brendan Haywood",84,"268",79.7543859649123,228.302325581395,2001
"368","Joseph Forte",76,"192",79.7543859649123,228.302325581395,2001
"369","Jeryl Sasser",78,"200",79.7543859649123,228.302325581395,2001
"370","Brandon Armstrong",77,"185",79.7543859649123,228.302325581395,2001
"371","Raul Lopez",72,"161",79.7543859649123,228.302325581395,2001
"372","Gerald Wallace",79,"215",79.7543859649123,228.302325581395,2001
"373","Samuel Dalembert",83,"250",79.7543859649123,228.302325581395,2001
"374","Jamaal Tinsley",75,"195",79.7543859649123,228.302325581395,2001
"375","Tony Parker",74,"177",79.7543859649123,228.302325581395,2001
"376","Trenton Hassell",77,"200",79.7543859649123,228.302325581395,2001
"377","Gilbert Arenas",75,"191",79.7543859649123,228.302325581395,2001
"378","Omar Cook",73,"191",79.7543859649123,228.302325581395,2001
"379","Will Solomon",73,"185",79.7543859649123,228.302325581395,2001
"380","Terence Morris",81,"221",79.7543859649123,228.302325581395,2001
"381","Brian Scalabrine",81,"240",79.7543859649123,228.302325581395,2001
"382","Jeff Trepagnier",76,"200",79.7543859649123,228.302325581395,2001
"383","Damone Brown",80,"220",79.7543859649123,228.302325581395,2001
"384","Mehmet Okur",83,"249",79.7543859649123,228.302325581395,2001
"385","Michael Wright",79,"239",79.7543859649123,228.302325581395,2001
"386","Earl Watson",73,"195",79.7543859649123,228.302325581395,2001
"387","Jamison Brewer",76,"180",79.7543859649123,228.302325581395,2001
"388","Bobby Simmons",79,"210",79.7543859649123,228.302325581395,2001
"389","Eric Chenowith",85,"271",79.7543859649123,228.302325581395,2001
"390","Kyle Hill",73,"188",79.7543859649123,228.302325581395,2001
"391","Sean Lampley",79,"227",79.7543859649123,228.302325581395,2001
"392","Loren Woods",85,"245",79.7543859649123,228.302325581395,2001
"393","Ousmane Cisse",80,"252",79.7543859649123,228.302325581395,2001
"394","Antonis Fotsis",82,"219",79.7543859649123,228.302325581395,2001
"395","Ken Johnson",83,"240",79.7543859649123,228.302325581395,2001
"396","Ruben Boumtje-Boumtje",84,"257",79.7543859649123,228.302325581395,2001
"397","Alton Ford",81,"275",79.7543859649123,228.302325581395,2001
"398","Andre Hutson",80,"241",79.7543859649123,228.302325581395,2001
"399","Jarron Collins",83,"255",79.7543859649123,228.302325581395,2001
"400","Kenny Satterfield",74,"186",79.7543859649123,228.302325581395,2001
"401","Maurice Jeffers",76,"193",79.7543859649123,228.302325581395,2001
"402","Robertas Javtokas",82,"213",79.7543859649123,228.302325581395,2001
"403","Alvin Jones",83,"265",79.7543859649123,228.302325581395,2001
"404","Bryan Bracey",79,"211",79.7543859649123,228.302325581395,2001
"405","Yao Ming",89,"296",79.6140350877193,223.088235294118,2002
"406","Jay Williams",72,"197",79.6140350877193,223.088235294118,2002
"407","Mike Dunleavy",81,"221",79.6140350877193,223.088235294118,2002
"408","Drew Gooden",82,"230",79.6140350877193,223.088235294118,2002
"409","Nikoloz Tskitishvili",84,"225",79.6140350877193,223.088235294118,2002
"410","Dajuan Wagner",75,"200",79.6140350877193,223.088235294118,2002
"411","Nene Hilario",83,"260",79.6140350877193,223.088235294118,2002
"412","Chris Wilcox",82,"221",79.6140350877193,223.088235294118,2002
"413","Amare Stoudemire",82,"245",79.6140350877193,223.088235294118,2002
"414","Caron Butler",79,"235",79.6140350877193,223.088235294118,2002
"415","Jared Jeffries",82,"215",79.6140350877193,223.088235294118,2002
"416","Melvin Ely",82,"260",79.6140350877193,223.088235294118,2002
"417","Marcus Haislip",82,"230",79.6140350877193,223.088235294118,2002
"418","Fred Jones",76,"210",79.6140350877193,223.088235294118,2002
"419","Bostjan Nachbar",81,"221",79.6140350877193,223.088235294118,2002
"420","Jiri Welsch",79,"208",79.6140350877193,223.088235294118,2002
"421","Juan Dixon",75,"164",79.6140350877193,223.088235294118,2002
"422","Curtis Borchardt",84,"245",79.6140350877193,223.088235294118,2002
"423","Ryan Humphrey",80,"235",79.6140350877193,223.088235294118,2002
"424","Kareem Rush",78,"215",79.6140350877193,223.088235294118,2002
"425","Qyntel Woods",80,"221",79.6140350877193,223.088235294118,2002
"426","Casey Jacobsen",78,"215",79.6140350877193,223.088235294118,2002
"427","Tayshaun Prince",81,"215",79.6140350877193,223.088235294118,2002
"428","Nenad Krstic",83,"214",79.6140350877193,223.088235294118,2002
"429","Frank Williams",75,"205",79.6140350877193,223.088235294118,2002
"430","John Salmons",79,"210",79.6140350877193,223.088235294118,2002
"431","Chris Jefferies",80,"215",79.6140350877193,223.088235294118,2002
"432","Dan Dickau",72,"190",79.6140350877193,223.088235294118,2002
"433","Steve Logan",71,"199",79.6140350877193,223.088235294118,2002
"434","Roger Mason",77,"199",79.6140350877193,223.088235294118,2002
"435","Robert Archibald",83,"250",79.6140350877193,223.088235294118,2002
"436","Vincent Yarbrough",79,"210",79.6140350877193,223.088235294118,2002
"437","Dan Gadzuric",83,"240",79.6140350877193,223.088235294118,2002
"438","Carlos Boozer",81,"280",79.6140350877193,223.088235294118,2002
"439","Milos Vujanic",74,"183",79.6140350877193,223.088235294118,2002
"440","David Andersen",83,"237",79.6140350877193,223.088235294118,2002
"441","Tito Maddox",76,"190",79.6140350877193,223.088235294118,2002
"442","Rod Grizzard",80,"203",79.6140350877193,223.088235294118,2002
"443","Juan Carlos Navarro",75,"172",79.6140350877193,223.088235294118,2002
"444","Mario Kasun",85,"255",79.6140350877193,223.088235294118,2002
"445","Ronald Murray",76,"190",79.6140350877193,223.088235294118,2002
"446","Jason Jennings",84,"247",79.6140350877193,223.088235294118,2002
"447","Lonny Baxter",80,"260",79.6140350877193,223.088235294118,2002
"448","Sam Clancy",68,"243",79.6140350877193,223.088235294118,2002
"449","Matt Barnes",80,"225",79.6140350877193,223.088235294118,2002
"450","Jamal Sampson",83,"235",79.6140350877193,223.088235294118,2002
"451","Chris Owens",79,"245",79.6140350877193,223.088235294118,2002
"452","Peter Fehse",84,"201",79.6140350877193,223.088235294118,2002
"453","Darius Songaila",82,"250",79.6140350877193,223.088235294118,2002
"454","Federico Kammerichs",82,"226",79.6140350877193,223.088235294118,2002
"455","Marcus Taylor",74,"194",79.6140350877193,223.088235294118,2002
"456","Rasual Butler",79,"205",79.6140350877193,223.088235294118,2002
"457","Tamar Slay",81,"215",79.6140350877193,223.088235294118,2002
"458","Mladen Sekularac",81,"212",79.6140350877193,223.088235294118,2002
"459","Luis Scola",80,"229",79.6140350877193,223.088235294118,2002
"460","Randy Holcomb",81,"223",79.6140350877193,223.088235294118,2002
"461","Corsley Edwards",81,"276",79.6140350877193,223.088235294118,2002
"462","LeBron James",80,"240",79.6551724137931,224.064516129032,2003
"463","Darko Milicic",84,"245",79.6551724137931,224.064516129032,2003
"464","Carmelo Anthony",80,"220",79.6551724137931,224.064516129032,2003
"465","Chris Bosh",82,"210",79.6551724137931,224.064516129032,2003
"466","Dwyane Wade",76,"210",79.6551724137931,224.064516129032,2003
"467","Chris Kaman",84,"255",79.6551724137931,224.064516129032,2003
"468","Kirk Hinrich",75,"190",79.6551724137931,224.064516129032,2003
"469","T.J. Ford",70,"165",79.6551724137931,224.064516129032,2003
"470","Mike Sweetney",80,"260",79.6551724137931,224.064516129032,2003
"471","Jarvis Hayes",79,"220",79.6551724137931,224.064516129032,2003
"472","Mickael Pietrus",78,"200",79.6551724137931,224.064516129032,2003
"473","Nick Collison",82,"255",79.6551724137931,224.064516129032,2003
"474","Marcus Banks",74,"220",79.6551724137931,224.064516129032,2003
"475","Luke Ridnour",74,"175",79.6551724137931,224.064516129032,2003
"476","Reece Gaines",78,"205",79.6551724137931,224.064516129032,2003
"477","Troy Bell",73,"180",79.6551724137931,224.064516129032,2003
"478","Zarko Cabarkapa",83,"235",79.6551724137931,224.064516129032,2003
"479","David West",81,"240",79.6551724137931,224.064516129032,2003
"480","Aleksandar Pavlovic",79,"210",79.6551724137931,224.064516129032,2003
"481","Dahntay Jones",78,"210",79.6551724137931,224.064516129032,2003
"482","Boris Diaw",80,"203",79.6551724137931,224.064516129032,2003
"483","Zoran Planinic",79,"195",79.6551724137931,224.064516129032,2003
"484","Travis Outlaw",81,"210",79.6551724137931,224.064516129032,2003
"485","Brian Cook",82,"240",79.6551724137931,224.064516129032,2003
"486","Carlos Delfino",78,"225",79.6551724137931,224.064516129032,2003
"487","Ndudi Ebi",81,"195",79.6551724137931,224.064516129032,2003
"488","Kendrick Perkins",82,"280",79.6551724137931,224.064516129032,2003
"489","Leandrinho Barbosa",75,"176",79.6551724137931,224.064516129032,2003
"490","Josh Howard",78,"203",79.6551724137931,224.064516129032,2003
"491","Maciej Lampe",83,"240",79.6551724137931,224.064516129032,2003
"492","Jason Kapono",80,"213",79.6551724137931,224.064516129032,2003
"493","Luke Walton",80,"245",79.6551724137931,224.064516129032,2003
"494","Jerome Beasley",82,"241",79.6551724137931,224.064516129032,2003
"495","Sofoklis Schortsanitis",81,"300",79.6551724137931,224.064516129032,2003
"496","Szymon Szewczyk",82,"245",79.6551724137931,224.064516129032,2003
"497","Mario Austin",80,"265",79.6551724137931,224.064516129032,2003
"498","Travis Hansen",78,"210",79.6551724137931,224.064516129032,2003
"499","Steve Blake",75,"172",79.6551724137931,224.064516129032,2003
"500","Slavko Vranes",88,"250",79.6551724137931,224.064516129032,2003
"501","Derrick Zimmerman",74,"195",79.6551724137931,224.064516129032,2003
"502","Willie Green",76,"200",79.6551724137931,224.064516129032,2003
"503","Zaur Pachulia",83,"240",79.6551724137931,224.064516129032,2003
"504","Keith Bogans",77,"215",79.6551724137931,224.064516129032,2003
"505","Malick Badiane",83,"225",79.6551724137931,224.064516129032,2003
"506","Matt Bonner",82,"235",79.6551724137931,224.064516129032,2003
"507","Sani Becirovic",77,"200",79.6551724137931,224.064516129032,2003
"508","Maurice Williams",73,"185",79.6551724137931,224.064516129032,2003
"509","James Lang",82,"305",79.6551724137931,224.064516129032,2003
"510","James Jones",80,"215",79.6551724137931,224.064516129032,2003
"511","Paccelis Morlende",74,"190",79.6551724137931,224.064516129032,2003
"512","Kyle Korver",79,"210",79.6551724137931,224.064516129032,2003
"513","Remon Van de Hare",86,"224",79.6551724137931,224.064516129032,2003
"514","Tommy Smith",82,"210",79.6551724137931,224.064516129032,2003
"515","Nedzad Sinanovic",86,"230",79.6551724137931,224.064516129032,2003
"516","Rick Rickert",83,"220",79.6551724137931,224.064516129032,2003
"517","Brandon Hunter",79,"260",79.6551724137931,224.064516129032,2003
"518","Xue Yuyang",84,"209",79.6551724137931,224.064516129032,2003
"519","Andreas Gliniadakis",85,"278",79.6551724137931,224.064516129032,2003
"520","Dwight Howard",83,"245",79.1864406779661,219.709677419355,2004
"521","Emeka Okafor",82,"255",79.1864406779661,219.709677419355,2004
"522","Ben Gordon",75,"200",79.1864406779661,219.709677419355,2004
"523","Shaun Livingston",79,"180",79.1864406779661,219.709677419355,2004
"524","Devin Harris",75,"185",79.1864406779661,219.709677419355,2004
"525","Josh Childress",80,"205",79.1864406779661,219.709677419355,2004
"526","Luol Deng",80,"220",79.1864406779661,219.709677419355,2004
"527","Rafael Araujo",83,"285",79.1864406779661,219.709677419355,2004
"528","Andre Iguodala",78,"205",79.1864406779661,219.709677419355,2004
"529","Luke Jackson",79,"210",79.1864406779661,219.709677419355,2004
"530","Andris Biedrins",83,"240",79.1864406779661,219.709677419355,2004
"531","Robert Swift",84,"240",79.1864406779661,219.709677419355,2004
"532","Sebastian Telfair",72,"170",79.1864406779661,219.709677419355,2004
"533","Kris Humphries",81,"235",79.1864406779661,219.709677419355,2004
"534","Al Jefferson",82,"265",79.1864406779661,219.709677419355,2004
"535","Kirk Snyder",78,"225",79.1864406779661,219.709677419355,2004
"536","Josh Smith",81,"220",79.1864406779661,219.709677419355,2004
"537","JR Smith",78,"220",79.1864406779661,219.709677419355,2004
"538","Dorell Wright",79,"210",79.1864406779661,219.709677419355,2004
"539","Jameer Nelson",72,"192",79.1864406779661,219.709677419355,2004
"540","Pavel Podkolzine",89,"260",79.1864406779661,219.709677419355,2004
"541","Viktor Khryapa",81,"215",79.1864406779661,219.709677419355,2004
"542","Sergei Monia",80,"220",79.1864406779661,219.709677419355,2004
"543","Delonte West",76,"185",79.1864406779661,219.709677419355,2004
"544","Tony Allen",76,"215",79.1864406779661,219.709677419355,2004
"545","Kevin Martin",79,"188",79.1864406779661,219.709677419355,2004
"546","Sasha Vujacic",79,"195",79.1864406779661,219.709677419355,2004
"547","Beno Udrih",76,"200",79.1864406779661,219.709677419355,2004
"548","David Harrison",84,"255",79.1864406779661,219.709677419355,2004
"549","Anderson Varejao",82,"235",79.1864406779661,219.709677419355,2004
"550","Jackson Vroman",82,"220",79.1864406779661,219.709677419355,2004
"551","Peter John Ramos",88,"280",79.1864406779661,219.709677419355,2004
"552","Lionel Chalmers",72,"183",79.1864406779661,219.709677419355,2004
"553","Donta Smith",79,"215",79.1864406779661,219.709677419355,2004
"554","Andre Emmett",77,"235",79.1864406779661,219.709677419355,2004
"555","Antonio Burks",74,"204",79.1864406779661,219.709677419355,2004
"556","Royal Ivey",75,"204",79.1864406779661,219.709677419355,2004
"557","Chris Duhon",73,"190",79.1864406779661,219.709677419355,2004
"558","Albert Miralles",83,"240",79.1864406779661,219.709677419355,2004
"559","Justin Reed",80,"245",79.1864406779661,219.709677419355,2004
"560","David Young",77,"205",79.1864406779661,219.709677419355,2004
"561","Viktor Sanikidze",80,"199",79.1864406779661,219.709677419355,2004
"562","Trevor Ariza",79,"197",79.1864406779661,219.709677419355,2004
"563","Tim Pickett",76,"210",79.1864406779661,219.709677419355,2004
"564","Bernard Robinson",78,"211",79.1864406779661,219.709677419355,2004
"565","Ha Seung Jin",87,"306",79.1864406779661,219.709677419355,2004
"566","Pape Sow",82,"250",79.1864406779661,219.709677419355,2004
"567","Ricky Minard",76,"200",79.1864406779661,219.709677419355,2004
"568","Sergei Lishouk",83,"235",79.1864406779661,219.709677419355,2004
"569","Vassilis Spanoulis",76,"190",79.1864406779661,219.709677419355,2004
"570","Christian Drejer",81,"225",79.1864406779661,219.709677419355,2004
"571","Romain Sato",77,"205",79.1864406779661,219.709677419355,2004
"572","Matt Freije",82,"245",79.1864406779661,219.709677419355,2004
"573","Rickey Paulding",77,"220",79.1864406779661,219.709677419355,2004
"574","Luis Flores",74,"197",79.1864406779661,219.709677419355,2004
"575","Marcus Douthit",83,"235",79.1864406779661,219.709677419355,2004
"576","Sergei Karaulov",85,"234",79.1864406779661,219.709677419355,2004
"577","Blake Stepp",76,"196",79.1864406779661,219.709677419355,2004
"578","Rashad Wright",74,"191",79.1864406779661,219.709677419355,2004
"579","Andrew Bogut",84,"245",79.25,222.862068965517,2005
"580","Marvin Williams",81,"230",79.25,222.862068965517,2005
"581","Deron Williams",75,"210",79.25,222.862068965517,2005
"582","Chris Paul",72,"175",79.25,222.862068965517,2005
"583","Raymond Felton",73,"200",79.25,222.862068965517,2005
"584","Martell Webster",79,"210",79.25,222.862068965517,2005
"585","Charlie Villanueva",83,"240",79.25,222.862068965517,2005
"586","Channing Frye",83,"248",79.25,222.862068965517,2005
"587","Ike Diogu",80,"250",79.25,222.862068965517,2005
"588","Andrew Bynum",84,"285",79.25,222.862068965517,2005
"589","Fran Vasquez",83,"238",79.25,222.862068965517,2005
"590","Yaroslav Korolev",81,"203",79.25,222.862068965517,2005
"591","Sean May",81,"266",79.25,222.862068965517,2005
"592","Rashad McCants",76,"207",79.25,222.862068965517,2005
"593","Antoine Wright",79,"210",79.25,222.862068965517,2005
"594","Joey Graham",79,"225",79.25,222.862068965517,2005
"595","Danny Granger",80,"225",79.25,222.862068965517,2005
"596","Gerald Green",80,"195",79.25,222.862068965517,2005
"597","Hakim Warrick",81,"215",79.25,222.862068965517,2005
"598","Julius Hodge",79,"210",79.25,222.862068965517,2005
"599","Nate Robinson",69,"180",79.25,222.862068965517,2005
"600","Jarrett Jack",75,"205",79.25,222.862068965517,2005
"601","Francisco Garcia",79,"192",79.25,222.862068965517,2005
"602","Luther Head",75,"185",79.25,222.862068965517,2005
"603","Johan Petro",84,"258",79.25,222.862068965517,2005
"604","Jason Maxiell",79,"260",79.25,222.862068965517,2005
"605","Linas Kleiza",80,"250",79.25,222.862068965517,2005
"606","Ian Mahinmi",82,"223",79.25,222.862068965517,2005
"607","Wayne Simien",81,"255",79.25,222.862068965517,2005
"608","David Lee",81,"249",79.25,222.862068965517,2005
"609","Salim Stoudamire",73,"180",79.25,222.862068965517,2005
"610","Daniel Ewing",75,"185",79.25,222.862068965517,2005
"611","Brandon Bass",80,"240",79.25,222.862068965517,2005
"612","C.J. Miles",78,"210",79.25,222.862068965517,2005
"613","Ricky Sanchez",83,"220",79.25,222.862068965517,2005
"614","Ersan Ilyasova",81,"235",79.25,222.862068965517,2005
"615","Ronny Turiaf",82,"250",79.25,222.862068965517,2005
"616","Travis Diener",73,"180",79.25,222.862068965517,2005
"617","Von Wafer",77,"250",79.25,222.862068965517,2005
"618","Monta Ellis",75,"179",79.25,222.862068965517,2005
"619","Roko Ukic",77,"180",79.25,222.862068965517,2005
"620","Chris Taft",82,"260",79.25,222.862068965517,2005
"621","Mile Ilic",85,"235",79.25,222.862068965517,2005
"622","Marty Andriuskevicius",86,"240",79.25,222.862068965517,2005
"623","Louis Williams",74,"175",79.25,222.862068965517,2005
"624","Erazem Lorbek",82,"245",79.25,222.862068965517,2005
"625","Bracey Wright",75,"210",79.25,222.862068965517,2005
"626","Mickael Gelebale",79,"215",79.25,222.862068965517,2005
"627","Andray Blatche",83,"235",79.25,222.862068965517,2005
"628","Ryan Gomes",79,"250",79.25,222.862068965517,2005
"629","Robert Whaley",81,"230",79.25,222.862068965517,2005
"630","Axel Hervelle",80,"235",79.25,222.862068965517,2005
"631","Orien Greene",76,"210",79.25,222.862068965517,2005
"632","Dijon Thompson",79,"200",79.25,222.862068965517,2005
"633","Lawrence Roberts",81,"245",79.25,222.862068965517,2005
"634","Amir Johnson",81,"210",79.25,222.862068965517,2005
"635","Marcin Gortat",84,"245",79.25,222.862068965517,2005
"636","Uros Slokar",82,"238",79.25,222.862068965517,2005
"637","Cenk Akyol",77,"185",79.25,222.862068965517,2005
"638","Alex Acker",77,"190",79.25,222.862068965517,2005
"639","Andrea Bargnani",82,"225",79.1666666666667,217.777777777778,2006
"640","LaMarcus Aldridge",83,"235",79.1666666666667,217.777777777778,2006
"641","Adam Morrison",80,"200",79.1666666666667,217.777777777778,2006
"642","Tyrus Thomas",80,"220",79.1666666666667,217.777777777778,2006
"643","Shelden Williams",81,"260",79.1666666666667,217.777777777778,2006
"644","Brandon Roy",78,"210",79.1666666666667,217.777777777778,2006
"645","Randy Foye",74,"215",79.1666666666667,217.777777777778,2006
"646","Rudy Gay",80,"225",79.1666666666667,217.777777777778,2006
"647","Patrick O'Bryant",84,"250",79.1666666666667,217.777777777778,2006
"648","Mouhammed Saer Sene",84,"240",79.1666666666667,217.777777777778,2006
"649","JJ Redick",77,"190",79.1666666666667,217.777777777778,2006
"650","Hilton Armstrong",82,"240",79.1666666666667,217.777777777778,2006
"651","Thabo Sefolasha",77,"215",79.1666666666667,217.777777777778,2006
"652","Ronnie Brewer",79,"225",79.1666666666667,217.777777777778,2006
"653","Cedric Simmons",82,"225",79.1666666666667,217.777777777778,2006
"654","Rodney Carney",78,"205",79.1666666666667,217.777777777778,2006
"655","Shawne Williams",81,"230",79.1666666666667,217.777777777778,2006
"656","Oleksiy Pecherov",84,"210",79.1666666666667,217.777777777778,2006
"657","Quincy Douby",75,"175",79.1666666666667,217.777777777778,2006
"658","Renaldo Balkman",79,"210",79.1666666666667,217.777777777778,2006
"659","Rajon Rondo",73,"175",79.1666666666667,217.777777777778,2006
"660","Marcus Williams",75,"215",79.1666666666667,217.777777777778,2006
"661","Josh Boone",82,"240",79.1666666666667,217.777777777778,2006
"662","Kyle Lowry",72,"175",79.1666666666667,217.777777777778,2006
"663","Shannon Brown",76,"205",79.1666666666667,217.777777777778,2006
"664","Jordan Farmar",74,"175",79.1666666666667,217.777777777778,2006
"665","Sergio Rodriguez",75,"170",79.1666666666667,217.777777777778,2006
"666","Maurice Ager",77,"205",79.1666666666667,217.777777777778,2006
"667","Mardy Collins",78,"225",79.1666666666667,217.777777777778,2006
"668","Joel Freeland",82,"225",79.1666666666667,217.777777777778,2006
"669","James White",79,"200",79.1666666666667,217.777777777778,2006
"670","Steve Novak",81,"220",79.1666666666667,217.777777777778,2006
"671","Solomon Jones",82,"225",79.1666666666667,217.777777777778,2006
"672","Paul Davis",83,"270",79.1666666666667,217.777777777778,2006
"673","PJ Tucker",77,"225",79.1666666666667,217.777777777778,2006
"674","Craig Smith",79,"260",79.1666666666667,217.777777777778,2006
"675","Bobby Jones",79,"215",79.1666666666667,217.777777777778,2006
"676","Kosta Perovic",86,"240",79.1666666666667,217.777777777778,2006
"677","David Noel",78,"225",79.1666666666667,217.777777777778,2006
"678","Denham Brown",77,"220",79.1666666666667,217.777777777778,2006
"679","James Augustine",82,"230",79.1666666666667,217.777777777778,2006
"680","Daniel Gibson",74,"190",79.1666666666667,217.777777777778,2006
"681","Marcus Vicinius",80,"225",79.1666666666667,217.777777777778,2006
"682","Lior Eliyahu",81,"225",79.1666666666667,217.777777777778,2006
"683","Alexander Johnson",81,"240",79.1666666666667,217.777777777778,2006
"684","Dee Brown",72,"185",79.1666666666667,217.777777777778,2006
"685","Paul Millsap",79,"260",79.1666666666667,217.777777777778,2006
"686","Vladimir Veremeenko",82,"240",79.1666666666667,217.777777777778,2006
"687","Leon Powe",80,"240",79.1666666666667,217.777777777778,2006
"688","Ryan Hollins",84,"230",79.1666666666667,217.777777777778,2006
"689","Chiekh Samb",85,"195",79.1666666666667,217.777777777778,2006
"690","Guillermo Diaz",74,"185",79.1666666666667,217.777777777778,2006
"691","Yotam Halperin",77,"210",79.1666666666667,217.777777777778,2006
"692","Hassan Adams",76,"220",79.1666666666667,217.777777777778,2006
"693","Ejike Ugboaja",81,"225",79.1666666666667,217.777777777778,2006
"694","Edin Bavcic",83,"245",79.1666666666667,217.777777777778,2006
"695","Loukas Mavrokefalidis",83,"260",79.1666666666667,217.777777777778,2006
"696","JR Pinnock",76,"205",79.1666666666667,217.777777777778,2006
"697","Damir Markota",82,"225",79.1666666666667,217.777777777778,2006
"698","Will Blalock",73,"195",79.1666666666667,217.777777777778,2006
"699","Greg Oden",84,"257",79.7833333333333,213.108695652174,2007
"700","Kevin Durant",82,"215",79.7833333333333,213.108695652174,2007
"701","Al Horford",82,"246",79.7833333333333,213.108695652174,2007
"702","Mike Conley Jr",73,"175",79.7833333333333,213.108695652174,2007
"703","Jeff Green",81,"228",79.7833333333333,213.108695652174,2007
"704","Yi Jianlian",84,"230",79.7833333333333,213.108695652174,2007
"705","Corey Brewer",80,"185",79.7833333333333,213.108695652174,2007
"706","Brandan Wright",82,"200",79.7833333333333,213.108695652174,2007
"707","Joakim Noah",84,"223",79.7833333333333,213.108695652174,2007
"708","Spencer Hawes",85,"244",79.7833333333333,213.108695652174,2007
"709","Acie Law",76,"186",79.7833333333333,213.108695652174,2007
"710","Thaddeus Young",80,"210",79.7833333333333,213.108695652174,2007
"711","Julian Wright",81,"211",79.7833333333333,213.108695652174,2007
"712","Al Thornton",79,"221",79.7833333333333,213.108695652174,2007
"713","Rodney Stuckey",77,"207",79.7833333333333,213.108695652174,2007
"714","Nick Young",79,"206",79.7833333333333,213.108695652174,2007
"715","Sean Williams",82,"230",79.7833333333333,213.108695652174,2007
"716","Marco Belinelli",77,"192",79.7833333333333,213.108695652174,2007
"717","Javaris Crittenton",77,"194",79.7833333333333,213.108695652174,2007
"718","Jason Smith",84,"233",79.7833333333333,213.108695652174,2007
"719","Daequan Cook",78,"203",79.7833333333333,213.108695652174,2007
"720","Jared Dudley",79,"219",79.7833333333333,213.108695652174,2007
"721","Wilson Chandler",80,"210",79.7833333333333,213.108695652174,2007
"722","Rudy Fernandez",78,"172",79.7833333333333,213.108695652174,2007
"723","Morris Almond",78,"215",79.7833333333333,213.108695652174,2007
"724","Aaron Brooks",72,"160",79.7833333333333,213.108695652174,2007
"725","Arron Afflalo",77,"206",79.7833333333333,213.108695652174,2007
"726","Tiago Splitter",84,"245",79.7833333333333,213.108695652174,2007
"727","Alando Tucker",77,"205",79.7833333333333,213.108695652174,2007
"728","Petteri Koponen",77,"194",79.7833333333333,213.108695652174,2007
"729","Carl Landry",81,"248",79.7833333333333,213.108695652174,2007
"730","Gabe Pruitt",76,"170",79.7833333333333,213.108695652174,2007
"731","Marcus Williams",79,"205",79.7833333333333,213.108695652174,2007
"732","Nick Fazekas",83,"225",79.7833333333333,213.108695652174,2007
"733","Glen Davis",80,"310",79.7833333333333,213.108695652174,2007
"734","Jermareo Davidson",83,"230",79.7833333333333,213.108695652174,2007
"735","Josh McRoberts",82,"240",79.7833333333333,213.108695652174,2007
"736","Kyrylo Fesenko",85,"270",79.7833333333333,213.108695652174,2007
"737","Stanko Barac",85,"230",79.7833333333333,213.108695652174,2007
"738","Sun Yue",81,"212",79.7833333333333,213.108695652174,2007
"739","Chris Richard",81,"252",79.7833333333333,213.108695652174,2007
"740","Derrick Byars",79,"215",79.7833333333333,213.108695652174,2007
"741","Adam Haluska",77,"210",79.7833333333333,213.108695652174,2007
"742","Reyshawn Terry",80,"222",79.7833333333333,213.108695652174,2007
"743","Jared Jordan",74,"182",79.7833333333333,213.108695652174,2007
"744","Stephane Lasme",79,"213",79.7833333333333,213.108695652174,2007
"745","Dominic McGuire",80,"220",79.7833333333333,213.108695652174,2007
"746","Marc Gasol",85,"265",79.7833333333333,213.108695652174,2007
"747","Aaron Gray",86,"272",79.7833333333333,213.108695652174,2007
"748","Renaldas Seibutis",78,"185",79.7833333333333,213.108695652174,2007
"749","Jameson Curry",75,"190",79.7833333333333,213.108695652174,2007
"750","Taurean Green",73,"173",79.7833333333333,213.108695652174,2007
"751","Demetris Nichols",80,"211",79.7833333333333,213.108695652174,2007
"752","Brad Newley",79,"201",79.7833333333333,213.108695652174,2007
"753","Herbert Hill",82,"232",79.7833333333333,213.108695652174,2007
"754","Ramon Sessions",76,"185",79.7833333333333,213.108695652174,2007
"755","Sammy Mejia",79,"218",79.7833333333333,213.108695652174,2007
"756","Giorgos Printezis",81,"22",79.7833333333333,213.108695652174,2007
"757","D.J. Strawberry",77,"199",79.7833333333333,213.108695652174,2007
"758","Milovan Rakovic",82,"240",79.7833333333333,213.108695652174,2007
"759","Derrick Rose",75,"190",79.9666666666667,223.636363636364,2008
"760","Michael Beasley",81,"235",79.9666666666667,223.636363636364,2008
"761","O.J. Mayo",77,"195",79.9666666666667,223.636363636364,2008
"762","Russell Westbrook",75,"187",79.9666666666667,223.636363636364,2008
"763","Kevin Love",81,"255",79.9666666666667,223.636363636364,2008
"764","Danilo Gallinari",81,"209",79.9666666666667,223.636363636364,2008
"765","Eric Gordon",75,"215",79.9666666666667,223.636363636364,2008
"766","Joe Alexander",80,"230",79.9666666666667,223.636363636364,2008
"767","D.J. Augustin",71,"175",79.9666666666667,223.636363636364,2008
"768","Brook Lopez",84,"260",79.9666666666667,223.636363636364,2008
"769","Jerryd Bayless",75,"199",79.9666666666667,223.636363636364,2008
"770","Jason Thompson",83,"250",79.9666666666667,223.636363636364,2008
"771","Brandon Rush",79,"211",79.9666666666667,223.636363636364,2008
"772","Anthony Randolph",83,"220",79.9666666666667,223.636363636364,2008
"773","Robin Lopez",84,"255",79.9666666666667,223.636363636364,2008
"774","Marreese Speights",82,"245",79.9666666666667,223.636363636364,2008
"775","Roy Hibbert",86,"272",79.9666666666667,223.636363636364,2008
"776","JaVale McGee",84,"237",79.9666666666667,223.636363636364,2008
"777","J.J. Hickson",81,"242",79.9666666666667,223.636363636364,2008
"778","Alexis Ajinca",85,"225",79.9666666666667,223.636363636364,2008
"779","Ryan Anderson",82,"240",79.9666666666667,223.636363636364,2008
"780","Courtney Lee",77,"200",79.9666666666667,223.636363636364,2008
"781","Kosta Koufos",85,"245",79.9666666666667,223.636363636364,2008
"782","Serge Ibaka",82,"220",79.9666666666667,223.636363636364,2008
"783","Nicolas Batum",80,"214",79.9666666666667,223.636363636364,2008
"784","George Hill",74,"180",79.9666666666667,223.636363636364,2008
"785","Darrell Arthur",81,"215",79.9666666666667,223.636363636364,2008
"786","Donte Greene",82,"220",79.9666666666667,223.636363636364,2008
"787","D.J. White",81,"230",79.9666666666667,223.636363636364,2008
"788","J.R. Giddens",77,"200",79.9666666666667,223.636363636364,2008
"789","Nikola Pekovic",83,"243",79.9666666666667,223.636363636364,2008
"790","Walter Sharpe",81,"245",79.9666666666667,223.636363636364,2008
"791","Joey Dorsey",81,"260",79.9666666666667,223.636363636364,2008
"792","Mario Chalmers",73,"190",79.9666666666667,223.636363636364,2008
"793","DeAndre Jordan",84,"260",79.9666666666667,223.636363636364,2008
"794","Omer Asik",83,"230",79.9666666666667,223.636363636364,2008
"795","Luc Richard Mbah A Moute",79,"224",79.9666666666667,223.636363636364,2008
"796","Kyle Weaver",78,"201",79.9666666666667,223.636363636364,2008
"797","Sonny Weems",78,"201",79.9666666666667,223.636363636364,2008
"798","Chris Douglas-Roberts",79,"200",79.9666666666667,223.636363636364,2008
"799","Nathan Jawai",82,"282",79.9666666666667,223.636363636364,2008
"800","Sean Singletary",72,"180",79.9666666666667,223.636363636364,2008
"801","Patrick Ewing Jr",81,"238",79.9666666666667,223.636363636364,2008
"802","Ante Tomic",86,"220",79.9666666666667,223.636363636364,2008
"803","Goran Dragic",76,"200",79.9666666666667,223.636363636364,2008
"804","Trent Plaisted",83,"240",79.9666666666667,223.636363636364,2008
"805","Bill Walker",78,"225",79.9666666666667,223.636363636364,2008
"806","Malik Hairston",78,"200",79.9666666666667,223.636363636364,2008
"807","Richard Hendrix",80,"250",79.9666666666667,223.636363636364,2008
"808","DeVon Hardin",83,"250",79.9666666666667,223.636363636364,2008
"809","Shan Foster",78,"205",79.9666666666667,223.636363636364,2008
"810","Darnell Jackson",80,"250",79.9666666666667,223.636363636364,2008
"811","Tadija Dragicevic",81,"222",79.9666666666667,223.636363636364,2008
"812","Maarty Leunen",81,"215",79.9666666666667,223.636363636364,2008
"813","Mike Taylor",74,"190",79.9666666666667,223.636363636364,2008
"814","Sasha Kaun",83,"246",79.9666666666667,223.636363636364,2008
"815","James Gist",80,"223",79.9666666666667,223.636363636364,2008
"816","Joe Crawford",76,"210",79.9666666666667,223.636363636364,2008
"817","Deron Washington",79,"205",79.9666666666667,223.636363636364,2008
"818","Semih Erden",85,"240",79.9666666666667,223.636363636364,2008
"819","Blake Griffin",82,"251",77.95,208.258064516129,2009
"820","Hasheem Thabeet",87,"265",77.95,208.258064516129,2009
"821","James Harden",77,"218",77.95,208.258064516129,2009
"822","Tyreke Evans",77,"195",77.95,208.258064516129,2009
"823","Ricky Rubio",76,"180",77.95,208.258064516129,2009
"824","Jonny Flynn",72,"172",77.95,208.258064516129,2009
"825","Stephen Curry",75,"185",77.95,208.258064516129,2009
"826","Jordan Hill",82,"235",77.95,208.258064516129,2009
"827","Demar DeRozan",79,"207",77.95,208.258064516129,2009
"828","Brandon Jennings",73,"170",77.95,208.258064516129,2009
"829","Terrence Williams",78,"220",77.95,208.258064516129,2009
"830","Gerald Henderson",77,"215",77.95,208.258064516129,2009
"831","Tyler Hansbrough",81,"230",77.95,208.258064516129,2009
"832","Earl Clark",81,"220",77.95,208.258064516129,2009
"833","Austin Daye",82,"190",77.95,208.258064516129,2009
"834","James Johnson",80,"235",77.95,208.258064516129,2009
"835","Jrue Holiday",75,"185",77.95,208.258064516129,2009
"836","Ty Lawson",72,"195",77.95,208.258064516129,2009
"837","Jeff Teague",74,"180",77.95,208.258064516129,2009
"838","Eric Maynor",74,"175",77.95,208.258064516129,2009
"839","Darren Collison",73,"165",77.95,208.258064516129,2009
"840","Victor Claver",82,"218",77.95,208.258064516129,2009
"841","Omri Casspi",80,"220",77.95,208.258064516129,2009
"842","B.J. Mullens",84,"260",77.95,208.258064516129,2009
"843","Rodrigue Beaubois",74,"182",77.95,208.258064516129,2009
"844","Taj Gibson",81,"210",77.95,208.258064516129,2009
"845","DeMarre Carroll",80,"225",77.95,208.258064516129,2009
"846","Wayne Ellington",77,"190",77.95,208.258064516129,2009
"847","Toney Douglas",73,"196",77.95,208.258064516129,2009
"848","Christian Eyenga",77,"210",77.95,208.258064516129,2009
"849","Jeff Pendergraph",81,"230",77.95,208.258064516129,2009
"850","Jermaine Taylor",76,"210",77.95,208.258064516129,2009
"851","Dante Cunningham",80,"230",77.95,208.258064516129,2009
"852","Sergio Llull",75,"176",77.95,208.258064516129,2009
"853","DaJuan Summers",80,"241",77.95,208.258064516129,2009
"854","Sam Young",78,"210",77.95,208.258064516129,2009
"855","DeJuan Blair",79,"265",77.95,208.258064516129,2009
"856","Jon Brockman",79,"260",77.95,208.258064516129,2009
"857","Jonas Jerebko",81,"210",77.95,208.258064516129,2009
"858","Derrick Brown",79,"225",77.95,208.258064516129,2009
"859","Jodie Meeks",76,"208",77.95,208.258064516129,2009
"860","Patrick Beverley",73,"172",77.95,208.258064516129,2009
"861","Marcus Thornton",76,"198",77.95,208.258064516129,2009
"862","Chase Budinger",79,"218",77.95,208.258064516129,2009
"863","Nick Calathes",77,"185",77.95,208.258064516129,2009
"864","Danny Green",78,"210",77.95,208.258064516129,2009
"865","Henk Norel",83,"212",77.95,208.258064516129,2009
"866","Taylor Griffin",79,"238",77.95,208.258064516129,2009
"867","Sergey Gladyr",77,"190",77.95,208.258064516129,2009
"868","Goran Suton",82,"245",77.95,208.258064516129,2009
"869","Jack McClinton",73,"185",77.95,208.258064516129,2009
"870","A.J. Price",74,"190",77.95,208.258064516129,2009
"871","Nando De Colo",77,"187",77.95,208.258064516129,2009
"872","Robert Vaden",77,"200",77.95,208.258064516129,2009
"873","Patrick Mills",72,"175",77.95,208.258064516129,2009
"874","Ahmad Nivins",81,"235",77.95,208.258064516129,2009
"875","Emir Preldzic",81,"220",77.95,208.258064516129,2009
"876","Lester Hudson",75,"190",77.95,208.258064516129,2009
"877","Chinemelu Elonu",82,"235",77.95,208.258064516129,2009
"878","Robert Dozier",82,"205",77.95,208.258064516129,2009
"879","John Wall",76,"195",77.15,232.653846153846,2010
"880","Evan Turner",79,"205",77.15,232.653846153846,2010
"881","Derrick Favors",82,"246",77.15,232.653846153846,2010
"882","Wesley Johnson",79,"195",77.15,232.653846153846,2010
"883","DeMarcus Cousins",83,"270",77.15,232.653846153846,2010
"884","Ekpe Udoh",82,"240",77.15,232.653846153846,2010
"885","Greg Monroe",83,"240",77.15,232.653846153846,2010
"886","Al-Farouq Aminu",80,"210",77.15,232.653846153846,2010
"887","Gordon Hayward",80,"200",77.15,232.653846153846,2010
"888","Paul George",81,"215",77.15,232.653846153846,2010
"889","Cole Aldrich",83,"250",77.15,232.653846153846,2010
"890","Xavier Henry",78,"210",77.15,232.653846153846,2010
"891","Ed Davis",81,"215",77.15,232.653846153846,2010
"892","Patrick Patterson",80,"223",77.15,232.653846153846,2010
"893","Larry Sanders",81,"205",77.15,232.653846153846,2010
"894","Luke Babbitt",79,"215",77.15,232.653846153846,2010
"895","Kevin Seraphin",81,"258",77.15,232.653846153846,2010
"896","Eric Bledsoe",73,"190",77.15,232.653846153846,2010
"897","Avery Bradley",75,"180",77.15,232.653846153846,2010
"898","James Anderson",78,"195",77.15,232.653846153846,2010
"899","Craig Brackins",82,"230",77.15,232.653846153846,2010
"900","Elliot Williams",76,"175",77.15,232.653846153846,2010
"901","Trevor Booker",79,"215",77.15,232.653846153846,2010
"902","Damion James",79,"225",77.15,232.653846153846,2010
"903","Dominique Jones",76,"205",77.15,232.653846153846,2010
"904","Quincy Pondexter",78,"220",77.15,232.653846153846,2010
"905","Jordan Crawford",76,"195",77.15,232.653846153846,2010
"906","Greivis Vasquez",77,"195",77.15,232.653846153846,2010
"907","Daniel Orton",82,"260",77.15,232.653846153846,2010
"908","Lazar Hayward",78,"225",77.15,232.653846153846,2010
"909","Tibor Pleiss",84,"220",77.15,232.653846153846,2010
"910","Dexter Pittman",82,"310",77.15,232.653846153846,2010
"911","Hassan Whiteside",84,"235",77.15,232.653846153846,2010
"912","Armon Johnson",75,"195",77.15,232.653846153846,2010
"913","Nemanja Bjelica",82,"210",77.15,232.653846153846,2010
"914","Terrico White",77,"211",77.15,232.653846153846,2010
"915","Darington Hobson",79,"205",77.15,232.653846153846,2010
"916","Andy Rautins",76,"195",77.15,232.653846153846,2010
"917","Landry Fields",79,"210",77.15,232.653846153846,2010
"918","Lance Stephenson",77,"200",77.15,232.653846153846,2010
"919","Jarvis Varnado",81,"210",77.15,232.653846153846,2010
"920","Da'Sean Butler",79,"205",77.15,232.653846153846,2010
"921","Devin Ebanks",80,"205",77.15,232.653846153846,2010
"922","Jerome Jordan",84,"235",77.15,232.653846153846,2010
"923","Paulao Prestes",82,"265",77.15,232.653846153846,2010
"924","Gani Lawal",80,"233",77.15,232.653846153846,2010
"925","Tiny Gallon",80,"320",77.15,232.653846153846,2010
"926","Latavious Williams",80,"190",77.15,232.653846153846,2010
"927","Ryan Richards",82,"225",77.15,232.653846153846,2010
"928","Solomon Alabi",85,"251",77.15,232.653846153846,2010
"929","Magnum Rolle",82,"200",77.15,232.653846153846,2010
"930","Luke Harangody",80,"251",77.15,232.653846153846,2010
"931","Pape Sy",0,"&nbsp",77.15,232.653846153846,2010
"932","Willie Warren",76,"200",77.15,232.653846153846,2010
"933","Jeremy Evans",81,"190",77.15,232.653846153846,2010
"934","Hamady N'Diaye",83,"225",77.15,232.653846153846,2010
"935","Ryan Reid",0,"&nbsp",77.15,232.653846153846,2010
"936","Derrick Caracter",81,"265",77.15,232.653846153846,2010
"937","Stanley Robinson",81,"225",77.15,232.653846153846,2010
"938","Dwayne Collins",80,"232",77.15,232.653846153846,2010
"939","Kyrie Irving",75,"190",79.0847457627119,218.285714285714,2011
"940","Derrick Williams",81,"250",79.0847457627119,218.285714285714,2011
"941","Enes Kanter",83,"260",79.0847457627119,218.285714285714,2011
"942","Tristan Thompson",81,"230",79.0847457627119,218.285714285714,2011
"943","Jonas Valanciunas",83,"240",79.0847457627119,218.285714285714,2011
"944","Jan Vesely",83,"240",79.0847457627119,218.285714285714,2011
"945","Bismack Biyombo",81,"240",79.0847457627119,218.285714285714,2011
"946","Brandon Knight",75,"180",79.0847457627119,218.285714285714,2011
"947","Kemba Walker",73,"185",79.0847457627119,218.285714285714,2011
"948","Jimmer Fredette",74,"195",79.0847457627119,218.285714285714,2011
"949","Klay Thompson",79,"205",79.0847457627119,218.285714285714,2011
"950","Alec Burks",78,"195",79.0847457627119,218.285714285714,2011
"951","Markieff Morris",82,"240",79.0847457627119,218.285714285714,2011
"952","Marcus Morris",81,"230",79.0847457627119,218.285714285714,2011
"953","Kawhi Leonard",79,"225",79.0847457627119,218.285714285714,2011
"954","Nikola Vucevic",84,"260",79.0847457627119,218.285714285714,2011
"955","Iman Shumpert",78,"220",79.0847457627119,218.285714285714,2011
"956","Chris Singleton",81,"230",79.0847457627119,218.285714285714,2011
"957","Tobias Harris",80,"225",79.0847457627119,218.285714285714,2011
"958","Donatas Motiejunas",84,"215",79.0847457627119,218.285714285714,2011
"959","Nolan Smith",76,"190",79.0847457627119,218.285714285714,2011
"960","Kenneth Faried",80,"225",79.0847457627119,218.285714285714,2011
"961","Nikola Mirotic",82,"210",79.0847457627119,218.285714285714,2011
"962","Reggie Jackson",75,"208",79.0847457627119,218.285714285714,2011
"963","Marshon Brooks",77,"195",79.0847457627119,218.285714285714,2011
"964","Jordan Hamilton",80,"230",79.0847457627119,218.285714285714,2011
"965","JaJuan Johnson",82,"220",79.0847457627119,218.285714285714,2011
"966","Norris Cole",74,"175",79.0847457627119,218.285714285714,2011
"967","Cory Joseph",75,"185",79.0847457627119,218.285714285714,2011
"968","Jimmy Butler",80,"220",79.0847457627119,218.285714285714,2011
"969","Bojan Bogdanovic",79,"216",79.0847457627119,218.285714285714,2011
"970","Justin Harper",81,"230",79.0847457627119,218.285714285714,2011
"971","Kyle Singler",81,"225",79.0847457627119,218.285714285714,2011
"972","Shelvin Mack",74,"210",79.0847457627119,218.285714285714,2011
"973","Tyler Honeycutt",80,"190",79.0847457627119,218.285714285714,2011
"974","Jordan Williams",81,"250",79.0847457627119,218.285714285714,2011
"975","Trey Thompkins",82,"240",79.0847457627119,218.285714285714,2011
"976","Chandler Parsons",82,"220",79.0847457627119,218.285714285714,2011
"977","Jeremy Tyler",83,"260",79.0847457627119,218.285714285714,2011
"978","Jon Leuer",83,"225",79.0847457627119,218.285714285714,2011
"979","Darius Morris",77,"190",79.0847457627119,218.285714285714,2011
"980","Davis Bertans",82,"210",79.0847457627119,218.285714285714,2011
"981","Malcolm Lee",77,"200",79.0847457627119,218.285714285714,2011
"982","Charles Jenkins",75,"220",79.0847457627119,218.285714285714,2011
"983","Josh Harrellson",80,"279",79.0847457627119,218.285714285714,2011
"984","Andrew Goudelock",75,"200",79.0847457627119,218.285714285714,2011
"985","Travis Leslie",76,"205",79.0847457627119,218.285714285714,2011
"986","Keith Benson",83,"220",79.0847457627119,218.285714285714,2011
"987","Josh Selby",75,"195",79.0847457627119,218.285714285714,2011
"988","Lavoy Allen",81,"225",79.0847457627119,218.285714285714,2011
"989","Jon Diebler",78,"200",79.0847457627119,218.285714285714,2011
"990","Vernon Macklin",81,"245",79.0847457627119,218.285714285714,2011
"991","DeAndre Liggins",78,"205",79.0847457627119,218.285714285714,2011
"992","Milan Macvan",81,"265",79.0847457627119,218.285714285714,2011
"993","E'Twaun Moore",76,"191",79.0847457627119,218.285714285714,2011
"994","Chu Chu Maduabum",NA,"&nbsp",79.0847457627119,218.285714285714,2011
"995","Tanguy Ngombo",78,"230",79.0847457627119,218.285714285714,2011
"996","Ater Majok",82,"225",79.0847457627119,218.285714285714,2011
"997","Adam Hanga",79,"200",79.0847457627119,218.285714285714,2011
"998","Isaiah Thomas",70,"190",79.0847457627119,218.285714285714,2011
"999","Anthony Davis",82,"222",79.9333333333333,220.444444444444,2012
"1000","Michael Kidd-Gilchrist",79,"233",79.9333333333333,220.444444444444,2012
"1001","Bradley Beal",77,"202",79.9333333333333,220.444444444444,2012
"1002","Dion Waiters",76,"221",79.9333333333333,220.444444444444,2012
"1003","Thomas Robinson",81,"244",79.9333333333333,220.444444444444,2012
"1004","Damian Lillard",75,"189",79.9333333333333,220.444444444444,2012
"1005","Harrison Barnes",80,"228",79.9333333333333,220.444444444444,2012
"1006","Terrence Ross",79,"197",79.9333333333333,220.444444444444,2012
"1007","Andre Drummond",84,"279",79.9333333333333,220.444444444444,2012
"1008","Austin Rivers",77,"203",79.9333333333333,220.444444444444,2012
"1009","Meyers Leonard",85,"250",79.9333333333333,220.444444444444,2012
"1010","Jeremy Lamb",77,"179",79.9333333333333,220.444444444444,2012
"1011","Kendall Marshall",76,"198",79.9333333333333,220.444444444444,2012
"1012","John Henson",82,"216",79.9333333333333,220.444444444444,2012
"1013","Moe Harkless",81,"207",79.9333333333333,220.444444444444,2012
"1014","Royce White",80,"261",79.9333333333333,220.444444444444,2012
"1015","Tyler Zeller",84,"247",79.9333333333333,220.444444444444,2012
"1016","Terrence Jones",81,"252",79.9333333333333,220.444444444444,2012
"1017","Andrew Nicholson",81,"234",79.9333333333333,220.444444444444,2012
"1018","Evan Fournier",79,"204",79.9333333333333,220.444444444444,2012
"1019","Jared Sullinger",81,"268",79.9333333333333,220.444444444444,2012
"1020","Fab Melo",84,"255",79.9333333333333,220.444444444444,2012
"1021","John Jenkins",76,"212",79.9333333333333,220.444444444444,2012
"1022","Jared Cunningham",77,"188",79.9333333333333,220.444444444444,2012
"1023","Tony Wroten",78,"203",79.9333333333333,220.444444444444,2012
"1024","Miles Plumlee",84,"252",79.9333333333333,220.444444444444,2012
"1025","Arnett Moultrie",83,"233",79.9333333333333,220.444444444444,2012
"1026","Perry Jones",83,"234",79.9333333333333,220.444444444444,2012
"1027","Marquis Teague",74,"180",79.9333333333333,220.444444444444,2012
"1028","Festus Ezeli",83,"264",79.9333333333333,220.444444444444,2012
"1029","Jeff Taylor",79,"213",79.9333333333333,220.444444444444,2012
"1030","Tomas Satoransky",79,"201",79.9333333333333,220.444444444444,2012
"1031","Bernard James",82,"230",79.9333333333333,220.444444444444,2012
"1032","Jae Crowder",78,"241",79.9333333333333,220.444444444444,2012
"1033","Draymond Green",79,"236",79.9333333333333,220.444444444444,2012
"1034","Orlando Johnson",77,"224",79.9333333333333,220.444444444444,2012
"1035","Quincy Acy",80,"224",79.9333333333333,220.444444444444,2012
"1036","Quincy Miller",82,"219",79.9333333333333,220.444444444444,2012
"1037","Khris Middleton",80,"216",79.9333333333333,220.444444444444,2012
"1038","Will Barton",78,"174",79.9333333333333,220.444444444444,2012
"1039","Tyshawn Taylor",76,"177",79.9333333333333,220.444444444444,2012
"1040","Doron Lamb",77,"199",79.9333333333333,220.444444444444,2012
"1041","Mike Scott",81,"241",79.9333333333333,220.444444444444,2012
"1042","Kim English",78,"192",79.9333333333333,220.444444444444,2012
"1043","Justin Hamilton",83,"264",79.9333333333333,220.444444444444,2012
"1044","Darius Miller",79,"233",79.9333333333333,220.444444444444,2012
"1045","Kevin Murphy",78,"194",79.9333333333333,220.444444444444,2012
"1046","Kostas Papanikolaou",80,"230",79.9333333333333,220.444444444444,2012
"1047","Kyle O'Quinn",82,"241",79.9333333333333,220.444444444444,2012
"1048","Izzet Turkyilmaz",85,"211",79.9333333333333,220.444444444444,2012
"1049","Kris Joseph",79,"215",79.9333333333333,220.444444444444,2012
"1050","Ognjen Kuzmic",85,"231",79.9333333333333,220.444444444444,2012
"1051","Furkan Aldemir",81,"220",79.9333333333333,220.444444444444,2012
"1052","Tornike Shengelia",81,"228",79.9333333333333,220.444444444444,2012
"1053","Darius Johnson-Odom",75,"212",79.9333333333333,220.444444444444,2012
"1054","Tomislav Zubcic",83,"229",79.9333333333333,220.444444444444,2012
"1055","Ilkan Karaman",81,"236",79.9333333333333,220.444444444444,2012
"1056","Robbie Hummel",80,"218",79.9333333333333,220.444444444444,2012
"1057","Marcus Denmon",75,"188",79.9333333333333,220.444444444444,2012
"1058","Robert Sacre",84,"263",79.9333333333333,220.444444444444,2012
"1059","Anthony Bennett",79,"239",79.15,208.717948717949,2013
"1060","Victor Oladipo",76,"213",79.15,208.717948717949,2013
"1061","Otto Porter",81,"198",79.15,208.717948717949,2013
"1062","Cody Zeller",84,"230",79.15,208.717948717949,2013
"1063","Alex Len",85,"255",79.15,208.717948717949,2013
"1064","Nerlens Noel",84,"206",79.15,208.717948717949,2013
"1065","Ben McLemore",77,"189",79.15,208.717948717949,2013
"1066","Kentavious Caldwell-Pope",78,"204",79.15,208.717948717949,2013
"1067","Trey Burke",73,"187",79.15,208.717948717949,2013
"1068","C.J. McCollum",75,"197",79.15,208.717948717949,2013
"1069","Michael Carter-Williams",78,"184",79.15,208.717948717949,2013
"1070","Steven Adams",84,"255",79.15,208.717948717949,2013
"1071","Kelly Olynyk",84,"234",79.15,208.717948717949,2013
"1072","Shabazz Muhammad",78,"222",79.15,208.717948717949,2013
"1073","Giannis Adetokunbo",81,"196",79.15,208.717948717949,2013
"1074","Lucas Nogueira",84,"220",79.15,208.717948717949,2013
"1075","Dennis Schroeder",74,"165",79.15,208.717948717949,2013
"1076","Shane Larkin",71,"171",79.15,208.717948717949,2013
"1077","Sergey Karasev",79,"197",79.15,208.717948717949,2013
"1078","Tony Snell",79,"198",79.15,208.717948717949,2013
"1079","Gorgui Dieng",83,"230",79.15,208.717948717949,2013
"1080","Mason Plumlee",84,"238",79.15,208.717948717949,2013
"1081","Solomon Hill",79,"226",79.15,208.717948717949,2013
"1082","Tim Hardaway Jr",78,"185",79.15,208.717948717949,2013
"1083","Reggie Bullock",79,"200",79.15,208.717948717949,2013
"1084","Andre Roberson",79,"206",79.15,208.717948717949,2013
"1085","Rudy Gobert",86,"238",79.15,208.717948717949,2013
"1086","Livio Jean-Charles",81,"217",79.15,208.717948717949,2013
"1087","Archie Goodwin",77,"189",79.15,208.717948717949,2013
"1088","Nemanja Nedovic",76,"200",79.15,208.717948717949,2013
"1089","Allen Crabbe",78,"197",79.15,208.717948717949,2013
"1090","Alex Abrines",77,"190",79.15,208.717948717949,2013
"1091","Carrick Felix",78,"203",79.15,208.717948717949,2013
"1092","Isaiah Canaan",72,"188",79.15,208.717948717949,2013
"1093","Glen Rice",78,"211",79.15,208.717948717949,2013
"1094","Ray McCallum",74,"191",79.15,208.717948717949,2013
"1095","Tony Mitchell",81,"236",79.15,208.717948717949,2013
"1096","Nate Wolters",77,"196",79.15,208.717948717949,2013
"1097","Jeff Withey",84,"222",79.15,208.717948717949,2013
"1098","Grant Jerrett",82,"232",79.15,208.717948717949,2013
"1099","Jamaal Franklin",77,"191",79.15,208.717948717949,2013
"1100","Pierre Jackson",70,"176",79.15,208.717948717949,2013
"1101","Ricky Ledo",78,"197",79.15,208.717948717949,2013
"1102","Mike Muscala",83,"230",79.15,208.717948717949,2013
"1103","Marko Todorovic",83,"240",79.15,208.717948717949,2013
"1104","Erick Green",75,"178",79.15,208.717948717949,2013
"1105","Raul Neto",74,"179",79.15,208.717948717949,2013
"1106","Ryan Kelly",84,"228",79.15,208.717948717949,2013
"1107","Erik Murphy",82,"240",79.15,208.717948717949,2013
"1108","James Ennis",79,"201",79.15,208.717948717949,2013
"1109","Romero Osby",79,"230",79.15,208.717948717949,2013
"1110","Lorenzo Brown",77,"189",79.15,208.717948717949,2013
"1111","Colton Iverson",84,"263",79.15,208.717948717949,2013
"1112","Arsalan Kazemi",80,"225",79.15,208.717948717949,2013
"1113","Joffrey Lauvergne",83,"240",79.15,208.717948717949,2013
"1114","Peyton Siva",73,"181",79.15,208.717948717949,2013
"1115","Alex Oriakhi",81,"238",79.15,208.717948717949,2013
"1116","Deshaun Thomas",79,"220",79.15,208.717948717949,2013
"1117","Bojan Dubljevic",82,"242",79.15,208.717948717949,2013
"1118","Janis Timma",79,"226",79.15,208.717948717949,2013
"1119","Andrew Wiggins",80,"197",79.1,215.804347826087,2014
"1120","Jabari Parker",80,"241",79.1,215.804347826087,2014
"1121","Joel Embiid",84,"240",79.1,215.804347826087,2014
"1122","Aaron Gordon",81,"220",79.1,215.804347826087,2014
"1123","Dante Exum",78,"196",79.1,215.804347826087,2014
"1124","Marcus Smart",75,"227",79.1,215.804347826087,2014
"1125","Julius Randle",81,"250",79.1,215.804347826087,2014
"1126","Nik Stauskas",78,"207",79.1,215.804347826087,2014
"1127","Noah Vonleh",81,"247",79.1,215.804347826087,2014
"1128","Elfrid Payton",76,"185",79.1,215.804347826087,2014
"1129","Doug McDermott",80,"218",79.1,215.804347826087,2014
"1130","Dario Saric",82,"223",79.1,215.804347826087,2014
"1131","Zach LaVine",78,"181",79.1,215.804347826087,2014
"1132","T.J. Warren",80,"220",79.1,215.804347826087,2014
"1133","Adreian Payne",82,"239",79.1,215.804347826087,2014
"1134","Jusuf Nurkic",83,"280",79.1,215.804347826087,2014
"1135","James Young",79,"213",79.1,215.804347826087,2014
"1136","Tyler Ennis",74,"182",79.1,215.804347826087,2014
"1137","Gary Harris",76,"205",79.1,215.804347826087,2014
"1138","Bruno Caboclo",81,"200",79.1,215.804347826087,2014
"1139","Mitch McGary",82,"263",79.1,215.804347826087,2014
"1140","Jordan Adams",77,"209",79.1,215.804347826087,2014
"1141","Rodney Hood",80,"208",79.1,215.804347826087,2014
"1142","Shabazz Napier",73,"175",79.1,215.804347826087,2014
"1143","Clint Capela",83,"222",79.1,215.804347826087,2014
"1144","P.J. Hairston",77,"229",79.1,215.804347826087,2014
"1145","Bogdan Bogdanovic",78,"200",79.1,215.804347826087,2014
"1146","C.J. Wilcox",77,"201",79.1,215.804347826087,2014
"1147","Josh Huestis",79,"213",79.1,215.804347826087,2014
"1148","Kyle Anderson",80,"230",79.1,215.804347826087,2014
"1149","Damien Inglis",80,"240",79.1,215.804347826087,2014
"1150","K.J. McDaniels",78,"196",79.1,215.804347826087,2014
"1151","Joe Harris",78,"215",79.1,215.804347826087,2014
"1152","Cleanthony Early",79,"209",79.1,215.804347826087,2014
"1153","Jarnell Stokes",80,"263",79.1,215.804347826087,2014
"1154","Johnny O'Bryant",80,"257",79.1,215.804347826087,2014
"1155","DeAndre Daniels",80,"196",79.1,215.804347826087,2014
"1156","Spencer Dinwiddie",78,"205",79.1,215.804347826087,2014
"1157","Jerami Grant",80,"214",79.1,215.804347826087,2014
"1158","Glenn Robinson",79,"211",79.1,215.804347826087,2014
"1159","Nikola Jokic",83,"253",79.1,215.804347826087,2014
"1160","Nick Johnson",75,"198",79.1,215.804347826087,2014
"1161","Walter Tavares",87,"265",79.1,215.804347826087,2014
"1162","Markel Brown",75,"184",79.1,215.804347826087,2014
"1163","Dwight Powell",83,"234",79.1,215.804347826087,2014
"1164","Jordan Clarkson",77,"186",79.1,215.804347826087,2014
"1165","Russ Smith",73,"160",79.1,215.804347826087,2014
"1166","Lamar Patterson",77,"226",79.1,215.804347826087,2014
"1167","Cameron Bairstow",82,"252",79.1,215.804347826087,2014
"1168","Alec Brown",85,"231",79.1,215.804347826087,2014
"1169","Thanasis Antetokounmpo",78,"205",79.1,215.804347826087,2014
"1170","Vasilije Micic",78,"202",79.1,215.804347826087,2014
"1171","Alessandro Gentile",78,"200",79.1,215.804347826087,2014
"1172","Nemanja Dangubic",80,"193",79.1,215.804347826087,2014
"1173","Semaj Christon",75,"186",79.1,215.804347826087,2014
"1174","Devyn Marble",78,"192",79.1,215.804347826087,2014
"1175","Louis Labeyrie",82,"200",79.1,215.804347826087,2014
"1176","Jordan McRae",77,"179",79.1,215.804347826087,2014
"1177","Xavier Thames",75,"187",79.1,215.804347826087,2014
"1178","Corey Jefferson",81,"218",79.1,215.804347826087,2014
"1179","Karl Towns",84,"248",79.6,218.5,2015
"1180","D'Angelo Russell",77,"193",79.6,218.5,2015
"1181","Jahlil Okafor",83,"272",79.6,218.5,2015
"1182","Kristaps Porzingis",84,"230",79.6,218.5,2015
"1183","Mario Hezonja",80,"200",79.6,218.5,2015
"1184","Willie Cauley-Stein",85,"242",79.6,218.5,2015
"1185","Emmanuel Mudiay",77,"200",79.6,218.5,2015
"1186","Stanley Johnson",79,"242",79.6,218.5,2015
"1187","Frank Kaminsky",85,"231",79.6,218.5,2015
"1188","Justise Winslow",79,"222",79.6,218.5,2015
"1189","Myles Turner",84,"239",79.6,218.5,2015
"1190","Trey Lyles",82,"241",79.6,218.5,2015
"1191","Devin Booker",78,"206",79.6,218.5,2015
"1192","Cameron Payne",74,"183",79.6,218.5,2015
"1193","Kelly Oubre",79,"203",79.6,218.5,2015
"1194","Terry Rozier",74,"190",79.6,218.5,2015
"1195","Rashad Vaughn",77,"199",79.6,218.5,2015
"1196","Sam Dekker",81,"219",79.6,218.5,2015
"1197","Jerian Grant",77,"198",79.6,218.5,2015
"1198","Delon Wright",78,"181",79.6,218.5,2015
"1199","Justin Anderson",78,"231",79.6,218.5,2015
"1200","Bobby Portis",83,"246",79.6,218.5,2015
"1201","Rondae Hollis-Jefferson",79,"211",79.6,218.5,2015
"1202","Tyus Jones",74,"185",79.6,218.5,2015
"1203","Jarell Martin",81,"239",79.6,218.5,2015
"1204","Nikola Milutinov",84,"220",79.6,218.5,2015
"1205","Larry Nance",81,"227",79.6,218.5,2015
"1206","R.J. Hunter",78,"185",79.6,218.5,2015
"1207","Chris McCullough",81,"199",79.6,218.5,2015
"1208","Kevon Looney",81,"222",79.6,218.5,2015
"1209","Cedi Osman",80,"190",79.6,218.5,2015
"1210","Montrezl Harrell",80,"253",79.6,218.5,2015
"1211","Jordan Mickey",80,"238",79.6,218.5,2015
"1212","Anthony Brown",79,"211",79.6,218.5,2015
"1213","Guillermo Hernangomez",83,"255",79.6,218.5,2015
"1214","Rakeem Christmas",82,"243",79.6,218.5,2015
"1215","Richaun Holmes",82,"243",79.6,218.5,2015
"1216","Darrun Hilliard",78,"220",79.6,218.5,2015
"1217","Juan Vaulet",78,"200",79.6,218.5,2015
"1218","Josh Richardson",78,"200",79.6,218.5,2015
"1219","Pat Connaughton",77,"215",79.6,218.5,2015
"1220","Olivier Hanlan",76,"186",79.6,218.5,2015
"1221","Joseph Young",74,"182",79.6,218.5,2015
"1222","Andrew Harrison",78,"213",79.6,218.5,2015
"1223","Marcus Thornton",75,"177",79.6,218.5,2015
"1224","Norman Powell",76,"215",79.6,218.5,2015
"1225","Arturas Gudaitis",82,"253",79.6,218.5,2015
"1226","Dakari Johnson",84,"265",79.6,218.5,2015
"1227","Aaron White",81,"220",79.6,218.5,2015
"1228","Marcus Eriksson",79,"178",79.6,218.5,2015
"1229","Tyler Harvey",76,"181",79.6,218.5,2015
"1230","Satnam Singh",86,"290",79.6,218.5,2015
"1231","Sir'Dominic Pointer",77,"193",79.6,218.5,2015
"1232","Daniel Diez",80,"216",79.6,218.5,2015
"1233","Cady Lalanne",82,"241",79.6,218.5,2015
"1234","Branden Dawson",79,"230",79.6,218.5,2015
"1235","Nikola Radicevic",77,"200",79.6,218.5,2015
"1236","J.P. Tokoto",78,"196",79.6,218.5,2015
"1237","Dimitris Agravanis",82,"210",79.6,218.5,2015
"1238","Luka Mitrovic",80,"200",79.6,218.5,2015
